<?xml version="1.0" encoding="UTF-8"?>
<root>
  <item name="com.ncapdevi.fragnav.FragNavController mSelectedTabIndex">
    <annotation name="android.support.annotation.IntDef">
      <val name="value" val="{com.ncapdevi.fragnav.FragNavController.TAB1, com.ncapdevi.fragnav.FragNavController.TAB2, com.ncapdevi.fragnav.FragNavController.TAB3, com.ncapdevi.fragnav.FragNavController.TAB4, com.ncapdevi.fragnav.FragNavController.TAB5}" />
    </annotation>
  </item>
  <item name="com.ncapdevi.fragnav.FragNavController void switchTab(int)">
    <annotation name="android.support.annotation.IntDef">
      <val name="value" val="{com.ncapdevi.fragnav.FragNavController.TAB1, com.ncapdevi.fragnav.FragNavController.TAB2, com.ncapdevi.fragnav.FragNavController.TAB3, com.ncapdevi.fragnav.FragNavController.TAB4, com.ncapdevi.fragnav.FragNavController.TAB5}" />
    </annotation>
  </item>
  <item name="com.ncapdevi.fragnav.FragNavController void switchTab(int) 0">
    <annotation name="android.support.annotation.IntDef">
      <val name="value" val="{com.ncapdevi.fragnav.FragNavController.TAB1, com.ncapdevi.fragnav.FragNavController.TAB2, com.ncapdevi.fragnav.FragNavController.TAB3, com.ncapdevi.fragnav.FragNavController.TAB4, com.ncapdevi.fragnav.FragNavController.TAB5}" />
    </annotation>
  </item>
</root>

